start month,start year,end month,end year,Lamas num,case num,road num,road name,semel yishuv,shem yishuv,shem medaveach,sug slila,road len,road width,road area,road type,way type
2,2007,2,2007,7278,0 0,0,סירקין,6600,חולון,עיריית חולון,הרחבה ושיקום,380,7,2660,מצופה אספלט,עירונית
10,2021,10,2021,19630,,0,מואב,2560,ערד,עיריית ערד,שיקום כביש,49,4,206,מצופה אספלט,עירונית
10,2023,1,2024,22456,,0,תל עדשים,103,תל עדשים,מועצה אזורית עמק יזרעאל,הרחבה ושיקום,650,3,1950,מצופה אספלט,עירונית
6,2019,12,2020,18314,,0,ג'ואמנה,6000,באקה אל-גרביה,עיריית באקה ג'ת,שיקום כביש,166,11,1826,מצופה אספלט,עירונית
8,2002,8,2002,4513,0 0,0,הרקפות,4000,חיפה,עיריית חיפה,שיקום כביש,12,8,96,מצופה אספלט,עירונית
9,2020,4,2021,18933,4600001855,66,,0,,"החברה הלאומית לדרכים בישראל מע""צ אור יהודה",הרחבת כביש,700,16,11200,מצופה אספלט,ראשית
1,1997,3,1997,2278,0 0,0,הזית,8700,רעננה,עיריית רעננה,סלילת כביש,60,15,900,מרוצף,עירונית
9,2007,4,2008,7754,0 0,0,ככר שטרן התאנה לוי אשכול,2620,קריית אונו,עיריית קרית אונו,הרחבה ושיקום,500,18,9000,מצופה אספלט,עירונית
8,2022,12,2022,20689,,0,שכ האגמים,7100,אשקלון,חברה הכלכלית לאשקלון,סלילת כביש,61,10,610,מצופה אספלט,עירונית
1,2012,9,2012,9636,7 10,79,כביש 79 המוביל סוללים,9999,כביש בין ישובים,,הרחבת כביש,2080,24,49088,מצופה אספלט,ראשית
5,2022,7,2022,21311,4600005619,55,,0,,"החברה הלאומית לדרכים בישראל מע""צ אור יהודה",שיקום כביש,1735,9,14747,מצופה אספלט,ראשית
12,2000,5,2001,27,0 0,0,השיטה,240,יקנעם עילית,מועצה מקומית יקנעם עילית,הרחבת כביש,240,7,1680,מצופה אספלט,עירונית
7,2010,8,2010,8738,0 0,0,רחובות שונים קרצןף וריבוד,7400,נתניה,עיריית נתניה,שיקום כביש,1920,7,13440,מצופה אספלט,עירונית
2,2023,2,2023,22194,,5,כביש מספר 5,2640,ראש העין,דרך ארץ,שיקום כביש,800,10,8000,מצופה אספלט,ראשית
11,2005,12,2008,6850,1705 0,0,רח' הורדים,2800,קריית שמונה,עיריית קריית שמונה,הרחבה ושיקום,901,10,9010,מצופה אספלט,עירונית
12,2017,5,2018,15488,0 0,0,צומת דרום אפריקה צפנייה,7100,אשקלון,עיריית אשקלון,הרחבת כביש,350,10,3500,מצופה אספלט,אזורית
3,1996,12,1996,3236,54 0,0,מורשה,9999,כביש בין ישובים,"החברה הלאומית לדרכים בישראל מע""צ אור יהודה",הרחבת כביש,2500,14,36000,מצופה אספלט,ראשית
3,2006,7,2006,7031,0 0,0,תור הזהב,7900,פתח תקווה,עיריית פתח תקווה,סלילת כביש,220,10,2200,מרוצף,עירונית
1,2014,8,2014,12359,6057 4,60,כביש 60,9999,כביש בין ישובים,"החברה הלאומית לדרכים בישראל מע""צ אור יהודה",הרחבת כביש,700,20,14000,מצופה אספלט,ראשית
7,2015,10,2015,13179,0 0,0,סנונית,2550,גדרה,מועצה מקומית גדרה,הרחבה ושיקום,80,6,480,מרוצף,עירונית
10,2007,1,2008,7620,81 6,0,עוקף מזרחי צומת כביש 40,8400,רחובות,,הרחבה ושיקום,500,25,12500,מצופה אספלט,ראשית
5,2008,9,2008,7934,0 0,34,כביש 34,3652,בית אריה,מועצה מקומית בית אריה,סלילת כביש,150,16,2400,מצופה אספלט,עירונית
10,2000,8,2002,3771,0 0,0,"נת""צ ד",9999,כביש בין ישובים,נתיבי איילון תל אביב,הרחבת כביש,600,20,12000,מצופה אספלט,ראשית
11,1996,8,1997,3131,767 0,0,ככר יבניאל,9999,כביש בין ישובים,,הרחבה ושיקום,800,9,6800,מצופה אספלט,אזורית
1,2003,12,2003,5602,0 0,0,קפלנסקי,7900,פתח תקווה,עיריית פתח תקווה,סלילת כביש,250,7,1625,מצופה אספלט,אזורית
6,2021,6,2021,18490,,0,התור,8300,ראשון לציון,עיריית ראשון לציון,שיקום כביש,198,10,2057,מצופה אספלט,עירונית
9,2020,10,2020,18094,0 0,0,רחוב המחתרת,2650,רמת השרון,עיריית רמת השרון,שיקום כביש,192,7,1344,מצופה אספלט,עירונית
8,1999,9,1999,335,0 0,0,נוה סביון,2400,אור יהודה,עיריית אור-יהודה,הרחבת כביש,110,10,1100,מצופה אספלט,ראשית
10,2020,11,2020,18466,,0,אדר,47,כפר תבור,מועצה מקומית כפר תבור,סלילת כביש,290,6,1740,מצופה אספלט,גישה
7,2020,1,2021,19007,,0,כביש 2,492,דיר חנא,נתיבי איילון תל אביב,סלילת כביש,100,12,1200,מצופה אספלט,עירונית
10,2015,6,2016,14044,0 0 4,52,קדימה צורן עד אלישיב,9999,,מועצה אזורית שפיר,הרחבת כביש,11780,12,140535,מצופה אספלט,ראשית
4,2017,5,2017,14816,0 0,0,צומת כמהין באר מילכה,1291,כמהין,מועצה אזורית רמת הנגב,הרחבת כביש,4120,5,20600,מצופה אספלט,גישה
5,1997,9,1998,3815,0 0,0,כביש מכבר,9999,כביש בין ישובים,,הרחבה ושיקום,900,9,7650,מצופה אספלט,גישה
4,1995,10,1996,3802,0 0,0,כביש כניסה,9999,כביש בין ישובים,,הרחבה ושיקום,470,8,3760,מצופה אספלט,עירונית
11,2017,11,2017,15312,15 0,0,שכונה צפונית,529,אעבלין,מועצה מקומית אעבלין,סלילת כביש,250,6,1500,מצופה אספלט,גישה
7,2006,7,2007,7084,12051030,0,אפרתה,3650,אפרתה,משרד הבינוי והשיכון תל אביב,סלילת כביש,150,8,1200,מצופה אספלט,עירונית
6,2022,7,2023,20712,,0,נאות גולן,4551,נאות גולן,מועצה אזורית גולן,סלילת כביש,510,8,4080,מצופה אספלט,עירונית
9,2017,9,2017,15120,0 0,0,אבן עזרא,7100,אשקלון,עיריית אשקלון,הרחבת כביש,230,14,3199,מצופה אספלט,ראשית
8,2014,9,2014,12468,0 0,0,צומת רוקח אבן גבירול,5000,תל אביב -יפו,נתיבי איילון תל אביב,שיקום כביש,500,10,5000,מצופה אספלט,עירונית
3,2023,3,2023,21201,,0,לילינבלום,8500,רמלה,עיריית רמלה,הרחבת כביש,55,10,550,מצופה אספלט,עירונית
11,1994,1,1996,1147,0 0,0,מלכי יהודה,6400,הרצלייה,עיריית הרצליה,סלילת כביש,300,7,2100,מצופה אספלט,אזורית
1,2020,3,2020,17506,0 0,0,מתחם 9,1031,שדרות,עיריית שדרות,סלילת כביש,3500,9,31500,מצופה אספלט,עירונית
10,2019,12,2019,17635,0 0,0,כביש מספר 6 קטע 3,494,דאלית אל-כרמל,מועצה מקומית דליית אל כרמל,הרחבה ושיקום,100,10,1000,מצופה אספלט,עירונית
10,1994,9,1996,3357,17755 0,0,אופקים,9999,כביש בין ישובים,משרד הבינוי והשיכון תל אביב,סלילת כביש,2250,6,13500,מצופה אספלט,עירונית
8,2019,2,2020,17312,0 0,0,רח הגליל כניסה לשכ כנען,8000,צפת,עיריית צפת,הרחבה ושיקום,170,12,2040,מצופה אספלט,ראשית
5,2022,9,2022,20661,,0,בני חייל,8300,ראשון לציון,עיריית ראשון לציון,שיקום כביש,250,10,2500,מרוצף,עירונית
8,2023,8,2023,22132,,0,טמרה,8900,טמרה,עיריית טמרה,שיקום כביש,77,10,770,מצופה אספלט,עירונית
1,2017,3,2017,14926,0 0,32767,כביש 50 בגין,9999,כביש בין ישובים,"החברה הלאומית לדרכים בישראל מע""צ אור יהודה",שיקום כביש,2500,7,18000,מצופה אספלט,ראשית
6,2010,10,2010,8732,0 0,0,כביש גישה לכהמון,7600,עכו,עיריית עכו,הרחבה ושיקום,400,19,7440,מצופה אספלט,עירונית
8,2016,9,2016,14635,52 15,0,כביש 90,9999,כביש בין ישובים,"החברה הלאומית לדרכים בישראל מע""צ אור יהודה",שיקום כביש,700,7,4900,מצופה אספלט,ראשית
10,2012,12,2012,10485,0 0,0,כביש גישה מכביש 90,1151,פארן,מועצה אזורית הערבה התיכונה,הרחבה ושיקום,2000,8,16000,מצופה אספלט,גישה
1,2009,3,2009,8198,0 0,0,מסובים כניסה,8600,רמת גן,עיריית רמת גן,שיקום כביש,140,7,951,מצופה אספלט,עירונית
10,2012,12,2012,10322,0 0,558,בת גלים,4000,חיפה,עיריית חיפה,הרחבת כביש,100,8,800,מצופה אספלט,עירונית
3,1994,12,1997,2984,107590 0,0,יציאת אירופה,6500,חדרה,עיריית חדרה,הרחבה ושיקום,200,7,1400,מצופה אספלט,עירונית
4,2021,8,2021,19127,,0,בני יהודה,4015,בני יהודה,מועצה אזורית גולן,הרחבה ושיקום,740,6,4070,מצופה אספלט,עירונית
2,2017,12,2017,14414,43 0,77,43\B,498,טורעאן,מועצה מקומית טורעאן,הרחבה ושיקום,100,12,1200,מצופה אספלט,ראשית
1,2000,2,2002,4273,0 0,0,חתוכה זכריה,8400,רחובות,עיריית רחובות,סלילת כביש,200,7,1400,מצופה אספלט,עירונית
6,2021,6,2021,18492,,0,שד מנחם בגין,8300,ראשון לציון,עיריית ראשון לציון,שיקום כביש,404,6,2520,מצופה אספלט,עירונית
11,1998,6,2000,3575,84630 0,0,מגאר,481,מגאר,משרד הבינוי והשיכון תל אביב,הרחבת כביש,750,14,10500,מצופה אספלט,גישה
1,2009,2,2009,8244,0 0,0,"מו"" ז",856,שעלבים,,שיקום כביש,1000,5,5000,מצופה אספלט,עירונית
3,2020,6,2020,18553,,0,נווה יער,122,רמת ישי,מועצה מקומית רמת ישי,סלילת כביש,693,12,8316,מצופה אספלט,עירונית
8,2023,9,2023,22098,,0,סח'נין,7500,סח'נין,עיריית סח'נין,שיקום כביש,179,5,894,מצופה אספלט,עירונית
5,2022,5,2022,19718,,65,,6500,חדרה,דרך ארץ,שיקום כביש,770,8,6160,מצופה אספלט,אזורית
4,2017,4,2018,15597,0 0,0,דרך שדה התעופה,3000,ירושלים,מוריה ירושלים,הרחבה ושיקום,800,15,12000,מצופה אספלט,אזורית
1,2019,6,2021,18516,,0,שכונת עיר היין,7100,אשקלון,עיריית אשקלון,סלילת כביש,260,10,2600,מצופה אספלט,עירונית
1,2001,3,2001,817,0 0,0,עין גדי,5000,תל אביב -יפו,עיריית תל-אביב יפו,שיקום כביש,88,9,748,מצופה אספלט,עירונית
1,2006,1,2009,6951,11715450,0,עופרים רח' הזית,3652,בית אריה,מועצה מקומית בית אריה,הרחבת כביש,105,11,1155,מרוצף,עירונית
1,1994,1,1997,3321,17385 0,0,ראש העין,9999,כביש בין ישובים,משרד הבינוי והשיכון תל אביב,סלילת כביש,4300,7,27950,מצופה אספלט,עירונית
8,2011,2,2012,9448,135358011,27,בית שאן כביש 27,9200,בית שאן,עיריית בית שאן,סלילת כביש,80,12,960,מצופה אספלט,עירונית
4,2003,11,2003,5103,0 0,0,אבא הלל,7400,נתניה,עיריית נתניה,הרחבה ושיקום,330,7,2145,מצופה אספלט,עירונית
1,2000,4,2000,1549,0 0,0,גאליה,7500,סח'נין,עיריית סח'נין,הרחבה ושיקום,150,4,600,מצופה אספלט,עירונית
8,2000,1,2005,3964,272300 0,0,כביש מס' 8,9999,כביש בין ישובים,,הרחבה ושיקום,240,7,1560,מצופה אספלט,גישה
4,2017,1,2018,15673,34 16,0,כביש E14000 כניסה מזרחית למישר,9999,כביש בין ישובים,"החברה הלאומית לדרכים בישראל מע""צ אור יהודה",שיקום כביש,877,7,6402,מצופה אספלט,גישה
9,1994,7,1996,3065,0 0,0,75,9999,כביש בין ישובים,,הרחבת כביש,1500,21,31500,מצופה אספלט,אזורית
8,1995,3,1996,3868,0 0,0,ירכא,9999,כביש בין ישובים,,הרחבה ושיקום,900,6,5400,מצופה אספלט,עירונית
9,2020,12,2020,18439,,0,בן גוריון,681,גבעת שמואל,עיריית גבעת שמואל,הרחבת כביש,60,14,840,מצופה אספלט,עירונית
11,1994,2,1996,1546,0 0,0,גליקסון,7400,נתניה,עיריית נתניה,הרחבה ושיקום,450,8,3600,מצופה אספלט,עירונית
2,2009,2,2009,8288,134 8,4,כביש 40,9999,כביש בין ישובים,"החברה הלאומית לדרכים בישראל מע""צ אור יהודה",שיקום כביש,995,13,12935,מצופה אספלט,ראשית
9,2013,11,2013,11588,14218660,0,חריש הרחבת כבישים קיימים,1247,חריש,משרד הבינוי והשיכון תל אביב,הרחבת כביש,2588,8,20704,מצופה אספלט,עירונית
7,1996,1,1998,2603,0 0,0,המשך ירושלים,9600,קריית ים,עיריית קרית-ים,סלילת כביש,1400,14,19600,מצופה אספלט,ראשית
6,2000,6,2002,3796,0 0,0,הספורטאים צ' ים,4000,חיפה,נתיבי איילון תל אביב,הרחבת כביש,800,20,16000,מצופה אספלט,ראשית
7,2018,12,2018,16312,0 0,0,חלקי,518,מעיליא,מועצה מקומית מעליא,הרחבת כביש,230,7,1610,מצופה אספלט,עירונית
3,2018,3,2018,15882,0 0,0,הבורסקאי,7900,פתח תקווה,עיריית פתח תקווה,שיקום כביש,400,5,2000,מצופה אספלט,עירונית
6,1996,7,1997,1039,0 0,0,קהילת עקיבא,6100,בני ברק,עיריית בני - ברק,שיקום כביש,767,6,4602,מצופה אספלט,עירונית
4,2010,5,2010,8661,0 0,0,הבקעה,6600,חולון,עיריית חולון,הרחבת כביש,190,8,1520,מצופה אספלט,עירונית
7,2016,8,2016,13707,0 0,0,ערמונים,9500,קריית ביאליק,עיריית קרית ביאליק,שיקום כביש,150,7,1001,מצופה אספלט,עירונית
8,1995,9,1996,1208,0 0,0,הרב עיסיה,6500,חדרה,עיריית חדרה,סלילת כביש,450,18,8100,מצופה אספלט,גישה
1,2003,10,2003,5615,0 0,0,פיתוח שכונה פרס נובל,8300,ראשון לציון,עיריית ראשון לציון,סלילת כביש,1070,11,11802,מרוצף,עירונית
8,1994,1,1997,3342,17506 0,0,מעךה אדומים,9999,כביש בין ישובים,משרד הבינוי והשיכון תל אביב,סלילת כביש,2000,6,12000,מצופה אספלט,עירונית
7,1999,12,2004,3922,71325 0,0,כביש 55,9999,כביש בין ישובים,,הרחבה ושיקום,450,7,3150,מצופה אספלט,ראשית
9,2002,10,2003,5193,0 0,0,ז'בוטינסקי קטע גבורים,6500,חדרה,עיריית חדרה,הרחבה ושיקום,220,9,1980,מצופה אספלט,עירונית
11,1994,8,1996,3361,17819 0,0,ירושלים,9999,כביש בין ישובים,משרד הבינוי והשיכון תל אביב,סלילת כביש,3530,7,22945,מצופה אספלט,עירונית
3,2020,3,2020,17936,0 0,0,כביש 50 כיוון עולה,9999,כביש בין ישובים,"החברה הלאומית לדרכים בישראל מע""צ אור יהודה",שיקום כביש,4130,12,49560,מצופה אספלט,ראשית
10,1994,1,1997,3369,17874 0,0,נצרת עילית,9999,כביש בין ישובים,משרד הבינוי והשיכון תל אביב,סלילת כביש,80,6,480,מצופה אספלט,עירונית
4,1997,7,1997,2621,0 0,0,הציונות,9700,,עיריית הוד השרון,סלילת כביש,280,8,2240,מרוצף,אזורית
12,2019,5,2022,18591,,0,הגננת,3000,ירושלים,מוריה ירושלים,הרחבת כביש,2000,31,62000,מצופה אספלט,עירונית
5,1997,9,1998,3125,436 0,0,צומת בידו גבעון,9999,כביש בין ישובים,,הרחבת כביש,1500,21,31500,מצופה אספלט,אזורית
9,2000,5,2001,125,0 0,0,19,510,כפר מנדא,מועצה מקומית כפר מנדא,הרחבה ושיקום,300,8,2400,מצופה אספלט,עירונית
10,1998,11,1998,3097,87 0,0,צומת אתר יהודיה,9999,כביש בין ישובים,,הרחבת כביש,320,14,4480,מצופה אספלט,ראשית
6,2000,6,2000,2852,869 0,0,ריגה,5000,תל אביב -יפו,עיריית תל-אביב יפו,שיקום כביש,328,9,2952,מצופה אספלט,אזורית
7,2020,7,2020,17848,0 0,0,שכונה דרומית,4502,עין קנייא,מועצה מקומית עין קיניה,סלילת כביש,170,8,1360,אחר,עירונית
12,1997,12,1997,1072,0 0,0,המגדל,6300,גבעתיים,עיריית גבעתים,סלילת כביש,120,5,600,מצופה אספלט,עירונית
1,1997,7,1997,491,0 0,0,עין נביא,2710,אום אל-פחם,עיריית אום אל פחם,הרחבה ושיקום,2000,20,40000,מצופה אספלט,ראשית
4,2005,7,2008,6300,0 0,0,"כביש עוקף מת""נס (מרכזי)",494,עיר כרמל,,הרחבת כביש,1100,10,11000,מצופה אספלט,עירונית
9,2020,9,2020,17851,0 0,0,הזורע,154,תל מונד,מועצה מקומית תל מונד,סלילת כביש,310,16,4960,מצופה אספלט,עירונית
6,1995,6,1997,3119,99 0,0,99,9999,כביש בין ישובים,,הרחבה ושיקום,1850,15,27750,מצופה אספלט,ראשית
6,2008,11,2008,8166,0 0,0,מעלה הכרמים,7600,עכו,עיריית עכו,הרחבה ושיקום,1000,8,8000,מצופה אספלט,עירונית
1,2008,8,2009,7849,11909250,0,רמלה,8500,רמלה,משרד הבינוי והשיכון תל אביב,הרחבה ושיקום,2750,8,22000,מצופה אספלט,עירונית
8,2000,9,2000,452,0 0,0,ספיר,2640,ראש העין,עיריית ראש-העין,הרחבה ושיקום,200,6,1200,מצופה אספלט,עירונית
1,2023,10,2023,22163,,0,מרחביה,97,מרחביה (מושב),מועצה אזורית מרחבים,הרחבת כביש,950,63,60000,מצופה אספלט,עירונית
8,2013,9,2013,11624,2963 0,0,"רמב""ם",8300,ראשון לציון,"מני""ב תאגיד המים ראשון לציון",שיקום כביש,154,12,1848,מצופה אספלט,עירונית
2,2009,3,2009,8301,0 0,0,כביש 40 יןרד,9999,כביש בין ישובים,"החברה הלאומית לדרכים בישראל מע""צ אור יהודה",שיקום כביש,916,7,6412,מצופה אספלט,ראשית
9,2009,10,2009,8464,68 9,0,כביש 585,9999,כביש בין ישובים,"החברה הלאומית לדרכים בישראל מע""צ אור יהודה",שיקום כביש,2600,9,23920,מצופה אספלט,אזורית
12,2012,5,2013,10860,0 0,0,מוקביילה 16+7,635,מוקייבלה,מועצה אזורית הגלבוע,שיקום כביש,1500,8,12000,מצופה אספלט,עירונית
4,1998,4,1998,2574,0 0,0,השקדים,9500,קריית ביאליק,עיריית קרית ביאליק,שיקום כביש,185,5,925,מצופה אספלט,עירונית
1,2008,9,2008,7939,0 0,0,הלוחמים,6600,חולון,עיריית חולון,שיקום כביש,410,9,3690,מצופה אספלט,עירונית
9,1997,9,1997,2771,365 0,0,רשי,8300,ראשון לציון,עיריית ראשון לציון,שיקום כביש,100,8,800,מצופה אספלט,עירונית
12,2020,7,2021,18932,4600005673,70,,0,,"החברה הלאומית לדרכים בישראל מע""צ אור יהודה",הרחבת כביש,600,37,22200,מצופה אספלט,ראשית
1,2015,1,2015,12609,0 0,0,שמואל הנביא,8500,רמלה,עיריית רמלה,הרחבה ושיקום,120,8,960,מצופה אספלט,עירונית
5,2006,5,2006,6909,0 0,0,המלאכה,8600,רמת גן,עיריית רמת גן,שיקום כביש,185,7,1202,מצופה אספלט,גישה
5,1994,12,1997,442,0 0,0,דרך הדרום,2630,קריית גת,עיריית קרית גת,הרחבת כביש,1400,7,9800,מצופה אספלט,אזורית
2,2022,2,2022,20544,4600004887,3924,,0,,"החברה הלאומית לדרכים בישראל מע""צ אור יהודה",שיקום כביש,82,4,295,מצופה אספלט,אזורית
12,2021,12,2021,20314,4600005612,71,,0,,"החברה הלאומית לדרכים בישראל מע""צ אור יהודה",שיקום כביש,1300,12,14912,מצופה אספלט,אזורית
10,2008,1,2012,8358,40 0,0,"עוקף ב""ש מזרחי",9999,כביש בין ישובים,"החברה הלאומית לדרכים בישראל מע""צ אור יהודה",הרחבה ושיקום,23000,8,180090,מצופה אספלט,ראשית
10,1996,12,1996,2662,3 0,0,יהודה הלוי,2800,קריית שמונה,עיריית קריית שמונה,שיקום כביש,777,9,6993,מצופה אספלט,גישה
12,2003,2,2004,5451,0 0,0,לסל,6900,כפר סבא,עיריית כפר-סבא,סלילת כביש,70,4,280,מצופה אספלט,עירונית
10,1998,7,1999,3024,375 0,0,צ'ביתר צור הדסה,9999,כביש בין ישובים,,הרחבת כביש,4000,14,56000,מצופה אספלט,אזורית
9,2009,9,2009,8425,0 0,0,דרך גישה לבית העלמין,1061,נצרת עילית,עיריית נוף הגליל,הרחבה ושיקום,650,92,59813,מצופה אספלט,עירונית
8,2022,8,2022,21490,4600004883,2,,0,,"החברה הלאומית לדרכים בישראל מע""צ אור יהודה",שיקום כביש,743,4,2972,מצופה אספלט,אזורית
12,2022,12,2022,20905,,0,אבן גבירול,7800,פרדס חנה-כרכור,מועצה מקומית פרדס חנה כרכור,הרחבה ושיקום,160,10,1600,מצופה אספלט,עירונית
6,2009,6,2009,8325,0 0,0,לנדרס,8600,רמת גן,עיריית רמת גן,סלילת כביש,45,21,945,מצופה אספלט,עירונית
1,2002,1,2002,4191,0 0,0,עמינדב,5000,תל אביב -יפו,עיריית תל-אביב יפו,שיקום כביש,150,10,1470,מצופה אספלט,גישה
1,1999,3,1999,1438,0 0,0,כביש א,7200,נס ציונה,עיריית נס ציונה,סלילת כביש,300,7,2100,מצופה אספלט,אזורית
6,1997,7,1997,4022,0 0,0,להב,9999,כביש בין ישובים,,סלילת כביש,1500,4,6000,מצופה אספלט,גישה
1,2015,7,2015,13055,19 2013,0,דן,449,נחלים,מועצה אזורית חבל מודיעין,הרחבה ושיקום,900,7,6120,מצופה אספלט,עירונית
6,2013,8,2013,11234,0 0,0,כרכור השופטים,7800,פרדס חנה-כרכור,מועצה מקומית פרדס חנה כרכור,שיקום כביש,525,5,2783,מצופה אספלט,עירונית
5,2023,7,2023,21992,,0,סארה,975,זרזיר,מועצה מקומית זרזיר,סלילת כביש,560,5,2800,מצופה אספלט,גישה
1,2014,2,2014,11798,9922 0 ג,106,כפר מנדא,510,כפר מנדא,מועצה מקומית כפר מנדא,סלילת כביש,130,6,780,מצופה אספלט,עירונית
2,2014,11,2015,13022,27 14,0,כביש עוקף שכונה,586,מגידו,מועצה אזורית מגידו,סלילת כביש,100,8,800,מצופה אספלט,עירונית
7,1998,12,1998,1319,0 0,0,הגליל התבור,6800,קריית אתא,עיריית קרית-אתא,הרחבה ושיקום,350,5,1750,מרוצף,עירונית
2,2014,4,2015,12403,0 0,5,חבר כביש 5,1110,חבר,מועצה אזורית הגלבוע,הרחבת כביש,200,10,2000,מצופה אספלט,עירונית
9,2004,3,2007,6138,52077 0,0,באר שבע מכרז 4157,9000,באר שבע,משרד הבינוי והשיכון תל אביב,סלילת כביש,3344,8,26752,מצופה אספלט,עירונית
8,2022,8,2022,20670,,0,ברקת,7100,אשקלון,חברה הכלכלית לאשקלון,שיקום כביש,113,8,893,מצופה אספלט,עירונית
8,2013,12,2013,11560,0 0,0,ברטעה,1326,"בסמ""ה","מועצה מקומית בסמ""ה",הרחבת כביש,150,8,1200,מצופה אספלט,עירונית
4,1998,10,1998,81,0 0,0,חלת בחר,499,יפיע,מועצה מקומית יפיע,הרחבת כביש,600,7,4200,מצופה אספלט,עירונית
11,2021,4,2022,19152,,0,ריינה,542,ריינה,מועצה מקומית ריינה,הרחבת כביש,1500,7,10500,מצופה אספלט,עירונית
11,2006,12,2006,7247,0 0,0,הרב מינץ,8300,ראשון לציון,עיריית ראשון לציון,שיקום כביש,250,8,2000,מצופה אספלט,עירונית
4,2015,6,2015,13132,0 0,678,כפר מצר,512,כפר מצר,מועצה אזורית בוסתאן אל מרג,הרחבת כביש,300,12,3600,מצופה אספלט,עירונית
7,1999,7,1999,948,0 0,0,יוסף אליהו,5000,תל אביב -יפו,עיריית תל-אביב יפו,שיקום כביש,324,6,1944,מצופה אספלט,עירונית
4,2003,4,2003,5327,0 0,0,סימת החרמון,5000,תל אביב -יפו,עיריית תל-אביב יפו,שיקום כביש,40,4,160,מצופה אספלט,גישה
11,1993,4,1997,3301,17027 0,0,י-ם נוה יעקב,9999,כביש בין ישובים,משרד הבינוי והשיכון תל אביב,הרחבת כביש,5000,6,30000,מצופה אספלט,עירונית
10,2021,4,2022,20295,4600004884,4,,0,אזור בין עירוני,"החברה הלאומית לדרכים בישראל מע""צ אור יהודה",הרחבת כביש,450,12,5175,מצופה אספלט,ראשית
1,2014,9,2015,13019,0 0,0,שושנה דמרי,7600,עכו,עיריית עכו,סלילת כביש,200,6,1200,מרוצף,גישה
7,1999,7,1999,1801,0 0,0,חיים עוזר,7900,פתח תקווה,עיריית פתח תקווה,שיקום כביש,44,10,440,מצופה אספלט,ראשית
9,1994,10,1996,244,0 0,0,חרמון,1061,נצרת עילית,עיריית נוף הגליל,שיקום כביש,250,9,2250,מצופה אספלט,ראשית
10,2021,12,2021,19378,,0,תל חי,2800,קריית שמונה,עיריית קריית שמונה,סלילת כביש,505,11,5555,אחר,עירונית
8,2020,11,2020,18178,0 0,0,כביש מספר 224,9999,כביש בין ישובים,"החברה הלאומית לדרכים בישראל מע""צ אור יהודה",הרחבה ושיקום,4300,14,60200,מצופה אספלט,ראשית
5,1996,12,1996,1179,0 0,0,ברנדיים,6500,חדרה,עיריית חדרה,סלילת כביש,160,10,1600,מצופה אספלט,עירונית
4,2014,6,2014,12373,2374 1,854,כביש 854,9999,כביש בין ישובים,"החברה הלאומית לדרכים בישראל מע""צ אור יהודה",הרחבת כביש,1200,2,1800,מצופה אספלט,גישה
9,2000,11,2000,1632,0 0,0,חריש,7800,פרדס חנה-כרכור,מועצה מקומית פרדס חנה כרכור,הרחבה ושיקום,130,8,1040,מרוצף,עירונית
10,2005,12,2005,6550,0 0,0,יער אשתאול,740,אשתאול,,הרחבה ושיקום,400,5,2000,מצופה אספלט,אזורית
6,2020,7,2020,18268,,0,הדסה עין כרם -כיכר 3+047,3000,ירושלים,מוריה ירושלים,שיקום כביש,93,6,600,מצופה אספלט,עירונית
11,1994,7,1997,2810,660 0,0,גיבשסן,8300,ראשון לציון,עיריית ראשון לציון,הרחבת כביש,900,5,4230,מצופה אספלט,עירונית
7,2012,8,2012,9887,0 0,11,חורה,1303,חורה,מועצה מקומית חורה,סלילת כביש,420,14,5800,מצופה אספלט,עירונית
10,1997,12,1997,4103,0 0,0,תחנת רכבת,9999,כביש בין ישובים,,שיקום כביש,430,3,1290,מצופה אספלט,גישה
5,1997,9,1997,3821,0 0,0,צומת ראשית,9999,כביש בין ישובים,,הרחבה ושיקום,300,5,1500,מצופה אספלט,עירונית
1,2004,7,2007,5797,51799240,0,קריית גת מכרז 5376,2630,קריית גת,משרד הבינוי והשיכון תל אביב,סלילת כביש,312,8,2496,מצופה אספלט,עירונית
5,2002,10,2002,4644,0 0,0,כביש מס'24,1292,ג''דיידה-מכר,מועצה מקומית ג'דיידה- מכר,הרחבה ושיקום,140,4,560,מצופה אספלט,עירונית
3,2018,4,2018,16269,35 17,0,כביש 471,9999,כביש בין ישובים,"החברה הלאומית לדרכים בישראל מע""צ אור יהודה",שיקום כביש,600,7,4200,מצופה אספלט,אזורית
5,2005,1,2008,6761,52275250,0,השלמת עבודות פיתוח וכביש כפר יונה,168,כפר יונה,משרד הבינוי והשיכון תל אביב,סלילת כביש,2750,8,22000,מצופה אספלט,עירונית
8,2000,1,2001,1527,0 0,0,המסגר,7400,נתניה,עיריית נתניה,שיקום כביש,940,7,6580,מצופה אספלט,אזורית
3,1998,6,1999,3202,0 0,0,גן יבנה,9999,כביש בין ישובים,"החברה הלאומית לדרכים בישראל מע""צ אור יהודה",הרחבת כביש,740,14,10360,מצופה אספלט,גישה
10,2001,7,2002,3775,0 0,0,רמת אלון דרום,4000,חיפה,נתיבי איילון תל אביב,סלילת כביש,1500,14,21000,מצופה אספלט,אזורית
2,2011,11,2011,8954,9170 10,0,מטרונית קו מערבי קטע מרכזי,4000,חיפה,,הרחבת כביש,1200,7,8400,מצופה אספלט,עירונית
8,2000,12,2000,3981,274000 0,0,סגור כביש כניסה,9999,כביש בין ישובים,,שיקום כביש,300,7,1950,מצופה אספלט,גישה
6,2006,6,2008,6676,0 0,0,המגינים,4000,חיפה,,הרחבת כביש,1000,22,22000,מצופה אספלט,ראשית
4,2011,11,2011,9599,0 0,0,צומת הטייסים בן גוריון,7100,אשקלון,עיריית אשקלון,הרחבה ושיקום,455,20,9100,מצופה אספלט,ראשית
5,2023,5,2023,21833,,0,חלב,542,ריינה,מועצה מקומית ריינה,הרחבת כביש,110,10,1100,מצופה אספלט,עירונית
7,2011,10,2011,9253,7 11,0,כביש 675,9999,כביש בין ישובים,"החברה הלאומית לדרכים בישראל מע""צ אור יהודה",שיקום כביש,3000,13,39000,מצופה אספלט,אזורית
5,1994,9,1998,3079,0 0,0,4,9999,כביש בין ישובים,,הרחבת כביש,5200,9,45240,מצופה אספלט,ראשית
1,2008,3,2008,7776,0 0,0,סאלה,1327,מעלה עירון,מועצה מקומית מעלה עירון,הרחבת כביש,500,9,4500,מצופה אספלט,עירונית
7,2023,9,2023,22139,33/22,0,בת הרים,8000,צפת,עיריית צפת,הרחבה ושיקום,130,1,130,מצופה אספלט,עירונית
10,1994,1,1997,3373,17900 0,0,עפולה עילית,9999,כביש בין ישובים,משרד הבינוי והשיכון תל אביב,הרחבת כביש,635,6,3810,מצופה אספלט,עירונית
6,1997,12,1997,3155,8944 0,0,עוקף אלקוש שלב,9999,כביש בין ישובים,,הרחבה ושיקום,2300,13,29900,מצופה אספלט,עירונית
5,2012,12,2012,9738,0 0,14,כביש 14,1045,שתולה,מועצה אזורית מעלה יוסף,סלילת כביש,200,12,2400,מצופה אספלט,עירונית
9,2020,0,0,18607,,0,חושן,47,כפר תבור,מועצה מקומית כפר תבור,סלילת כביש,110,8,825,מצופה אספלט,גישה
6,2018,6,2018,15853,0 0,0,הירקון,6100,בני ברק,עיריית בני - ברק,סלילת כביש,480,16,7661,מצופה אספלט,אזורית
5,1994,1,1997,3328,17441 0,0,אשקלון,9999,כביש בין ישובים,משרד הבינוי והשיכון תל אביב,סלילת כביש,3708,7,24102,מצופה אספלט,עירונית
8,2005,9,2006,6751,89 0,0,כניסה מערבית לחורפיש,9999,כביש בין ישובים,"החברה הלאומית לדרכים בישראל מע""צ אור יהודה",הרחבת כביש,600,20,12000,מצופה אספלט,גישה
6,2014,8,2014,12001,10010 10,0,עכו - גשר מערבי + רמפות,9999,כביש בין ישובים,עיריית חיפה,סלילת כביש,1150,14,16100,מצופה אספלט,ראשית
9,2001,11,2001,1280,0 0,0,גאולים,6600,חולון,עיריית חולון,שיקום כביש,500,15,7500,מצופה אספלט,עירונית
3,2023,4,2023,21736,,0,אלתוראת',975,זרזיר,מועצה מקומית זרזיר,שיקום כביש,500,8,4000,מצופה אספלט,עירונית
2,2011,2,2012,9471,0 0,0,שושנים,1061,נצרת עילית,עיריית נוף הגליל,הרחבה ושיקום,32,5,160,מצופה אספלט,עירונית
6,2011,1,2013,9033,0 0,0,פנחס רוטנברג,8600,רמת גן,עיריית רמת גן,הרחבה ושיקום,460,9,4140,מצופה אספלט,אזורית
11,2012,3,2013,10958,111 12,774,מתפצל מכביש 784 עובר גבול קורנית ושכניה ומהווה גיש,9999,כביש בין ישובים,"החברה הלאומית לדרכים בישראל מע""צ אור יהודה",שיקום כביש,2680,15,41165,מצופה אספלט,ראשית
6,1999,6,1999,929,0 0,0,עזה,5000,תל אביב -יפו,עיריית תל-אביב יפו,שיקום כביש,785,6,4710,מצופה אספלט,גישה
11,2021,4,2022,19570,,0,מעלה גמלא,4008,מעלה גמלא,מועצה אזורית גולן,סלילת כביש,890,4,3560,אחר,עירונית
5,2001,5,2001,869,0 0,0,שד' בן ציון,5000,תל אביב -יפו,עיריית תל-אביב יפו,שיקום כביש,400,13,5200,מצופה אספלט,אזורית
1,2001,1,2004,1337,0 0,0,השקמה,6900,כפר סבא,עיריית כפר-סבא,הרחבת כביש,90,2,180,מצופה אספלט,עירונית
4,2004,3,2007,5705,0 0,0,ש.ציון מזרח,4000,חיפה,,הרחבה ושיקום,400,9,3600,מצופה אספלט,עירונית
1,2013,6,2013,10838,0 0,0,כביש טבעת דרומית,962,טובא-זנגרייה,,הרחבת כביש,1100,12,13200,מצופה אספלט,עירונית
7,2018,12,2018,16311,0 0,0,חלקי,518,מעיליא,מועצה מקומית מעליא,הרחבת כביש,200,8,1600,מצופה אספלט,עירונית
6,2011,9,2013,9017,76 0,0,כביש 76,481,מגאר,עיריית מגאר,הרחבת כביש,150,7,1050,מצופה אספלט,עירונית
8,2000,12,2000,3951,271000 0,0,מג'דל כרום,9999,כביש בין ישובים,,הרחבה ושיקום,180,7,1260,מצופה אספלט,ראשית
5,2020,11,2020,18254,,0,יפתח,6400,הרצלייה,עיריית הרצליה,הרחבה ושיקום,150,6,900,מצופה אספלט,עירונית
5,1997,5,1997,1747,0 0,0,ברנדייס,7900,פתח תקווה,עיריית פתח תקווה,שיקום כביש,362,7,2353,מצופה אספלט,עירונית
4,1998,6,1998,4098,0 0,0,רכבת באר שבע,9000,באר שבע,,הרחבת כביש,753,4,3012,מצופה אספלט,עירונית
8,2001,8,2001,1835,0 0,0,היבנר,7900,פתח תקווה,עיריית פתח תקווה,הרחבת כביש,24,3,72,מצופה אספלט,גישה
4,2019,5,2019,17228,0 0,0,כביש 4,498,טורעאן,מועצה מקומית טורעאן,שיקום כביש,700,10,7000,מצופה אספלט,ראשית
10,2021,11,2021,19297,4600005612,90,,0,,"החברה הלאומית לדרכים בישראל מע""צ אור יהודה",שיקום כביש,1300,8,9750,מצופה אספלט,ראשית
10,1998,12,1998,1287,0 0,0,צומת העליה השני,6600,חולון,עיריית חולון,שיקום כביש,1000,8,8000,מצופה אספלט,עירונית
7,2022,9,2022,20646,,0,טורקיז,3787,נעלה,החברה לפיתוח מטה בנימין מזרח בנימין,שיקום כביש,200,8,1600,מצופה אספלט,עירונית
10,2021,4,2022,19153,,0,ריינה,542,ריינה,מועצה מקומית ריינה,סלילת כביש,1200,10,12000,מצופה אספלט,עירונית
11,2010,11,2010,8930,0 0,0,שארית ישראל,5000,תל אביב -יפו,עיריית תל-אביב יפו,הרחבת כביש,56,24,1344,מצופה אספלט,עירונית
2,2013,6,2013,10650,0 0,4,מרום גולן,4101,מרום גולן,מועצה אזורית גולן,הרחבה ושיקום,280,14,3920,מצופה אספלט,עירונית
7,2010,10,2010,8739,0 0,0,קרצוף וריבוד רחובות שונים,7400,נתניה,עיריית נתניה,שיקום כביש,652,15,9780,מצופה אספלט,עירונית
6,2021,12,2021,19058,,0,כביש 60,3000,ירושלים,מוריה ירושלים,הרחבת כביש,2000,11,22000,מצופה אספלט,עירונית
12,1993,4,1996,3540,48202 0,0,בנימינה,9999,כביש בין ישובים,משרד הבינוי והשיכון תל אביב,סלילת כביש,150,5,750,מצופה אספלט,עירונית
11,2006,8,2009,8487,0 0,5,גשר 5\20 מערב,2650,רמת השרון,,סלילת כביש,3000,23,69990,מצופה אספלט,ראשית
9,2016,10,2016,14095,0 0 4,0,ארז,714,ארז,מועצה אזורית שער הנגב,סלילת כביש,340,4,1360,מצופה אספלט,עירונית
3,2003,4,2003,5067,0 0,0,חיבור מינהרות כביש 2,4000,חיפה,,סלילת כביש,200,17,3400,מצופה אספלט,ראשית
1,2006,3,2006,6632,121 0,0,חתכים 5-10,1139,כרמיאל,עיריית כרמיאל,סלילת כביש,100,7,680,מרוצף,עירונית
5,2016,11,2016,13772,0 0,1976,הקישון,5000,תל אביב -יפו,עיריית תל-אביב יפו,סלילת כביש,125,3,376,מצופה אספלט,עירונית
11,2002,11,2002,4780,0 0,0,הקונגרס,7900,פתח תקווה,עיריית פתח תקווה,הרחבת כביש,15,3,45,מצופה אספלט,גישה
5,2020,5,2020,18251,,6,וינגייט,6400,הרצלייה,עיריית הרצליה,הרחבה ושיקום,1939,6,11634,מצופה אספלט,אזורית
2,1996,9,1997,3464,45013 0,0,מודיעין,9999,כביש בין ישובים,משרד הבינוי והשיכון תל אביב,סלילת כביש,1000,7,7000,מצופה אספלט,עירונית
11,2023,12,2023,22404,,0,נצרת,7300,נצרת,עיריית נצרת,שיקום כביש,168,6,1008,מצופה אספלט,עירונית
3,2007,4,2007,7441,0 0,0,הרחבת רח' יבנה,7900,פתח תקווה,עיריית פתח תקווה,הרחבת כביש,170,2,374,מצופה אספלט,אזורית
8,1996,12,1996,2794,527 0,0,רפופורט,8300,ראשון לציון,עיריית ראשון לציון,הרחבת כביש,200,12,2400,מצופה אספלט,עירונית
3,2023,3,2023,21770,,0,חזון איש,6700,טבריה,עיריית טבריה,שיקום כביש,335,6,2010,מצופה אספלט,עירונית
12,2017,4,2018,15473,110 0,0,חלת בחר,499,יפיע,מועצה מקומית יפיע,שיקום כביש,200,8,1600,מצופה אספלט,עירונית
12,2010,3,2011,8941,2060 1,0,כביש 412,9999,כביש בין ישובים,"החברה הלאומית לדרכים בישראל מע""צ אור יהודה",הרחבה ושיקום,250,28,7000,מצופה אספלט,אזורית
10,2016,11,2016,14569,34 16,0,כביש R00741 כניסה לגינוסר,9999,כביש בין ישובים,"החברה הלאומית לדרכים בישראל מע""צ אור יהודה",שיקום כביש,144,8,1172,מצופה אספלט,גישה
2,2016,4,2016,13768,0 0 11,0,כביש 11,8200,קריית מוצקין,עיריית קריית מוצקין,סלילת כביש,1200,6,7200,מצופה אספלט,עירונית
12,1997,9,1998,360,0 0,0,הותיקים,2500,נשר,עיריית נשר,הרחבת כביש,250,9,2250,מצופה אספלט,עירונית
5,2016,6,2016,13729,0 0 14,0,דייר חנא,492,דייר חנא,מועצה מקומית דיר חנא,סלילת כביש,300,8,2400,מצופה אספלט,עירונית
2,1997,2,1997,1682,0 0,0,הברוש,7900,פתח תקווה,עיריית פתח תקווה,שיקום כביש,7,7,49,מצופה אספלט,עירונית
1,2021,1,2021,18378,313250,0,בית הגדי,723,בית הגדי,מועצה אזורית שדות נגב,הרחבת כביש,700,9,6300,מצופה אספלט,עירונית
7,2010,9,2010,8920,0 0,0,הרצפלד,6600,חולון,עיריית חולון,שיקום כביש,250,7,1625,מצופה אספלט,עירונית
12,1996,6,1998,344,0 0,0,הגנה,2400,אור יהודה,עיריית אור-יהודה,הרחבת כביש,250,8,1875,מצופה אספלט,ראשית
11,1994,1,1996,2591,0 0,0,'אצל ב,9500,קריית ביאליק,עיריית קרית ביאליק,סלילת כביש,560,12,6720,מצופה אספלט,גישה
11,1994,10,1996,613,0 0,0,דרך בית לחם,3000,ירושלים,עיריית ירושלים,שיקום כביש,1700,10,17000,מצופה אספלט,אזורית
4,2001,12,2001,1716,0 0,0,מוהליבר,7900,פתח תקווה,עיריית פתח תקווה,שיקום כביש,190,8,1520,מצופה אספלט,גישה
2,2016,6,2016,13534,0 0,0,כביש ח'לת עלי שלב ב',494,דאלית אל-כרמל,משרד התחבורה נצרת עלית,סלילת כביש,240,14,3360,מצופה אספלט,עירונית
10,1994,7,1997,3337,17478 0,0,נתיבות,9999,כביש בין ישובים,משרד הבינוי והשיכון תל אביב,הרחבת כביש,5846,7,37999,מצופה אספלט,עירונית
4,2015,12,2015,13379,0 0,0,כביש 11 הנקודות,246,נתיבות,"ערן י.ד. בע""מ (דרך משרד השיכון) אשדוד",הרחבת כביש,40,34,1348,מצופה אספלט,עירונית
5,2003,8,2003,5183,2 2,0,כביש שד' הרצל,70,אשדוד,,סלילת כביש,1150,14,16100,מצופה אספלט,עירונית
10,2020,12,2020,18229,,0,כביש מספר 5,978,כעביה-טבאש-חג'אג'רה,מועצה מקומית כעבאיה,הרחבה ושיקום,300,6,1650,מצופה אספלט,עירונית
11,2022,0,0,22352,,0,מלחה דרך,3000,ירושלים,מוריה ירושלים,הרחבה ושיקום,412,1,412,מצופה אספלט,עירונית
10,2008,3,2009,8168,0 0,0,"ההגנה ,שלמה בן יוסף",7600,עכו,עיריית עכו,הרחבה ושיקום,1300,8,10400,מצופה אספלט,עירונית
7,2000,1,2002,3244,444 0,0,נחל ניטוף חדיד,9999,כביש בין ישובים,"החברה הלאומית לדרכים בישראל מע""צ אור יהודה",הרחבת כביש,1700,13,22440,מצופה אספלט,ראשית
1,2022,0,0,20736,,0,בענה,483,בענה,משרד התחבורה נצרת עלית,סלילת כביש,750,12,9000,מצופה אספלט,עירונית
11,2017,11,2017,15429,6 0,0,לקייה 12,1060,לקיה,מועצה מקומית לקייה,סלילת כביש,540,7,3780,מצופה אספלט,ראשית
2,2008,3,2008,7731,0 0,0,פייר קנינג,6600,חולון,עיריית חולון,הרחבת כביש,215,7,1505,מצופה אספלט,עירונית
6,1996,3,1997,3832,0 0,0,32,9999,כביש בין ישובים,,הרחבה ושיקום,500,22,11000,מצופה אספלט,ראשית
10,1993,8,1996,3295,16985 0,0,ירושלים,9999,כביש בין ישובים,משרד הבינוי והשיכון תל אביב,הרחבת כביש,200,5,1000,מצופה אספלט,עירונית
8,2020,11,2020,18179,0 0,0,כביש מספר 92,9999,כביש בין ישובים,"החברה הלאומית לדרכים בישראל מע""צ אור יהודה",הרחבה ושיקום,400,12,4800,מצופה אספלט,ראשית
12,2007,12,2009,7661,12468670,0,השלמות פיתוח,7000,לוד,משרד הבינוי והשיכון תל אביב,הרחבת כביש,70,10,700,מצופה אספלט,עירונית
8,2011,2,2012,9457,4 11,0,כאבול,504,כאבול,,הרחבה ושיקום,750,13,9750,מצופה אספלט,ראשית
6,2005,6,2005,6278,52062300,0,16,3780,ביתר עילית,עיריית ביתר עילית,שיקום כביש,240,19,4440,מצופה אספלט,עירונית
9,2002,9,2002,4757,0 0,0,אורלנסקי,7900,פתח תקווה,עיריית פתח תקווה,הרחבת כביש,22,3,66,מצופה אספלט,עירונית
8,2002,1,2004,6040,30 55964 02,0,מעלה אדומים מכרז 5286,3616,מעלה אדומים,משרד הבינוי והשיכון תל אביב,סלילת כביש,4210,14,58940,מצופה אספלט,עירונית
12,2013,12,2014,12377,2362 1,70,כביש 70 ב,9999,כביש בין ישובים,"החברה הלאומית לדרכים בישראל מע""צ אור יהודה",הרחבת כביש,400,18,7000,מצופה אספלט,ראשית
2,1993,4,1997,2743,218 0,0,פוקס,7400,נתניה,עיריית נתניה,הרחבת כביש,800,23,18400,מצופה אספלט,ראשית
7,2010,10,2010,8935,0 0,0,דרך ואדי ג'סאל,2710,אום אל-פחם,עיריית אום אל פחם,סלילת כביש,300,6,1800,לא ידוע,עירונית
11,2019,11,2019,17588,0 0,0,"תש""מ",8300,ראשון לציון,עיריית ראשון לציון,שיקום כביש,820,16,13120,מצופה אספלט,עירונית
12,2015,3,2016,13340,0 0,801,כביש 801,6900,כפר סבא,אריה ארז (החברה הכלכלית) באר שבע,הרחבת כביש,1000,7,7000,מצופה אספלט,עירונית
8,1993,5,1996,3762,0 0,0,מאפו,9999,כביש בין ישובים,נתיבי איילון תל אביב,הרחבת כביש,200,11,2200,מצופה אספלט,עירונית
12,2000,12,2000,999,0 0,0,מצובה,5000,תל אביב -יפו,עיריית תל-אביב יפו,שיקום כביש,195,8,1560,מצופה אספלט,גישה
5,1993,1,1996,3537,48152 0,0,ערד,9999,כביש בין ישובים,משרד הבינוי והשיכון תל אביב,סלילת כביש,4000,6,24000,מצופה אספלט,עירונית
7,2012,7,2012,9917,0 0,0,מצדה,8600,רמת גן,עיריית רמת גן,שיקום כביש,18,6,99,מצופה אספלט,גישה
7,1999,11,1999,1478,0 0,0,בתי חולים,7300,נצרת,עיריית נצרת,הרחבת כביש,900,9,8100,מצופה אספלט,ראשית
1,2014,4,2014,11848,0 0,67,באקה,6000,באקה אל-גרביה,עיריית באקה ג'ת,סלילת כביש,340,12,4080,מצופה אספלט,עירונית
9,2016,9,2016,14265,4 16,0,אלג'לאן,654,כפר קרע,מועצה מקומית עילבון,הרחבה ושיקום,100,7,700,מצופה אספלט,עירונית
8,2002,8,2002,4829,0 0,0,חרש,8400,רחובות,עיריית רחובות,שיקום כביש,260,8,2080,מצופה אספלט,עירונית
11,1999,8,2003,167,0 0,0,גרעין הכפר,654,כפר קרע,מועצה מקומית כפר-קרע,הרחבה ושיקום,500,6,3000,מצופה אספלט,עירונית
11,2006,11,2006,7105,0 0,0,עמינדב,8600,רמת גן,עיריית רמת גן,שיקום כביש,150,5,820,מצופה אספלט,עירונית
3,1994,12,1997,2983,107590 0,0,השושנים,6500,חדרה,עיריית חדרה,הרחבה ושיקום,290,4,1044,מצופה אספלט,עירונית
5,2013,5,2013,10874,0 0,0,מעלה אפרים,3608,מעלה אפרים,מועצה מקומית מעלה אפריים,שיקום כביש,300,9,2700,מצופה אספלט,עירונית
7,2011,7,2014,9754,0 0,0,עין שמר,139,עין שמר,מועצה איזורית מנשה,סלילת כביש,1000,7,7000,מצופה אספלט,עירונית
12,2018,5,2019,17189,0 0,0,כביש 4 לכיוון יורד,9999,כביש בין ישובים,"החברה הלאומית לדרכים בישראל מע""צ אור יהודה",הרחבה ושיקום,1321,12,15192,מצופה אספלט,ראשית
1,2017,3,2017,14529,65 0,0,ביאדה,1327,מעלה עירון,מועצה מקומית מעלה עירון,הרחבת כביש,120,8,960,מצופה אספלט,גישה
5,1999,5,1999,879,0 0,0,שד' רוקח,5000,תל אביב -יפו,עיריית תל-אביב יפו,שיקום כביש,155,9,1395,מצופה אספלט,ראשית
8,2000,1,2005,3971,273000 0,0,בסמייה עין אל ס,9999,כביש בין ישובים,,הרחבה ושיקום,400,7,2800,מצופה אספלט,גישה
11,2021,0,0,19609,,0,,2400,אור יהודה,"ערן י.ד. בע""מ (דרך משרד השיכון) אשדוד",סלילת כביש,285,6,1710,מצופה אספלט,עירונית
1,2002,5,2002,4459,0 0,0,סילבר,4000,חיפה,עיריית חיפה,הרחבת כביש,2000,8,16000,מצופה אספלט,עירונית
1,1999,2,2000,3725,2545 0,0,קבוץ גלויות,5000,תל אביב -יפו,נתיבי איילון תל אביב,הרחבה ושיקום,1300,23,29900,מצופה אספלט,ראשית
10,2005,11,2007,7616,43 5,0,קפלן,5000,תל אביב -יפו,נתיבי איילון תל אביב,הרחבה ושיקום,800,21,17000,מצופה אספלט,ראשית
4,2022,4,2022,20556,4600004887,443,,0,,"החברה הלאומית לדרכים בישראל מע""צ אור יהודה",שיקום כביש,195,4,780,מצופה אספלט,ראשית
9,2000,3,2001,1418,0 0,0,צבי סגל,7100,אשקלון,עיריית אשקלון,הרחבת כביש,167,12,2004,מצופה אספלט,אזורית
8,2016,8,2016,14263,4 16,0,כפר קרע אלדעת,654,כפר קרע,מועצה מקומית עילבון,הרחבה ושיקום,1000,10,10000,מצופה אספלט,עירונית
4,1999,5,1999,1724,0 0,0,אורבך,7900,פתח תקווה,עיריית פתח תקווה,סלילת כביש,90,6,495,מצופה אספלט,אזורית
8,2023,0,0,22308,,0,רזיאל,2100,טירת כרמל,חוצה ישראל,הרחבה ושיקום,1900,8,15200,מצופה אספלט,עירונית
1,1996,9,1996,2025,0 0,0,הרצל קטע צפוני,8400,רחובות,עיריית רחובות,הרחבת כביש,1000,16,16000,מצופה אספלט,ראשית
10,2012,10,2012,10178,0 0,0,שלום,7800,פרדס חנה-כרכור,מועצה מקומית פרדס חנה כרכור,הרחבה ושיקום,300,5,1560,מצופה אספלט,עירונית
5,2005,5,2005,6581,0 0,0,בן גוריון,8600,רמת גן,עיריית רמת גן,הרחבת כביש,185,24,4440,מצופה אספלט,ראשית
2,2016,7,2018,15375,0 0,0,גני אביב-2,7000,לוד,עיריית לוד,הרחבת כביש,35,6,220,מרוצף,עירונית
12,2008,12,2008,7961,7080 10,0,אבן גבירול,4000,חיפה,,סלילת כביש,400,15,6000,מצופה אספלט,ראשית
1,2017,3,2017,14360,0 0,0,טיילת הבנים,3604,אלון שבות,מועצה אזורית גוש עציון,הרחבת כביש,220,9,1980,מצופה אספלט,אזורית
3,2002,6,2002,4167,0 0,0,שד' ירושלים,8500,רמלה,עיריית רמלה,הרחבת כביש,300,20,6000,מצופה אספלט,ראשית
1,2022,7,2022,21471,4600006068,12,,0,,"החברה הלאומית לדרכים בישראל מע""צ אור יהודה",שיקום כביש,400,9,3720,מצופה אספלט,ראשית
5,2022,6,2022,20419,2020-06-01 00:00:00,12,,0,,"החברה הלאומית לדרכים בישראל מע""צ אור יהודה",שיקום כביש,2439,9,22194,מצופה אספלט,ראשית
5,2001,6,2001,1454,0 0,0,גבעתי,7200,נס ציונה,עיריית נס ציונה,שיקום כביש,120,4,480,מצופה אספלט,עירונית
8,1995,9,1996,2463,0 0,0,כביש 2,9100,נהרייה,עיריית נהריה,סלילת כביש,520,13,6760,מצופה אספלט,אזורית
4,2011,5,2011,9576,0 0,0,התקומה,8300,ראשון לציון,עיריית ראשון לציון,הרחבה ושיקום,250,12,3000,מצופה אספלט,אזורית
1,2013,3,2013,10605,0 0,0,כביש פנימי שער בניימין,9999,כביש בין ישובים,החברה לפיתוח מטה בנימין מזרח בנימין,סלילת כביש,250,8,2000,מצופה אספלט,עירונית
4,2020,7,2020,17795,0 0,0,אפריאט,8500,רמלה,עיריית רמלה,הרחבת כביש,600,16,9600,מצופה אספלט,עירונית
8,1996,9,1997,3475,45049 0,0,באר שבע,9999,כביש בין ישובים,משרד הבינוי והשיכון תל אביב,סלילת כביש,2060,5,10300,מצופה אספלט,עירונית
1,2021,2,2021,19031,,0,כביש רמפה בכניסה לאיזור לב הארץ,634,כפר קאסם,עיריית כפר -קאסם,הרחבה ושיקום,578,8,4624,מצופה אספלט,עירונית
5,2019,6,2019,17267,0 0,0,ציון - מפינת אלמוג עד פרט,9600,קריית ים,עיריית קרית-ים,שיקום כביש,143,12,1716,מצופה אספלט,עירונית
5,1999,6,1999,1407,0 0,0,גדעון,7100,אשקלון,עיריית אשקלון,שיקום כביש,700,10,7000,מצופה אספלט,אזורית
0,0,0,0,22458,,0,,0,,מועצה מקומית עג'ר,,0,0,0,,ראשית
1,2008,3,2008,7732,0 0,0,חלץ,6600,חולון,עיריית חולון,הרחבת כביש,185,7,1295,מצופה אספלט,עירונית
8,2003,6,2007,5241,0 0,0,כביש 60,481,מגאר,עיריית מגאר,הרחבה ושיקום,410,10,4100,מצופה אספלט,עירונית
6,1996,2,1997,3028,443 0,0,שילת בית סירה,9999,כביש בין ישובים,,הרחבה ושיקום,5000,14,70000,מצופה אספלט,אזורית
10,1994,3,1996,1540,0 0,0,בן צבי,7400,נתניה,עיריית נתניה,הרחבה ושיקום,1000,26,26000,מצופה אספלט,ראשית
12,1993,12,1996,3315,17298 0,0,מעלה אדומים,9999,כביש בין ישובים,משרד הבינוי והשיכון תל אביב,הרחבת כביש,11330,5,56650,מצופה אספלט,עירונית
8,2011,1,2012,11687,97 11,75,כביש 75,9999,כביש בין ישובים,"החברה הלאומית לדרכים בישראל מע""צ אור יהודה",הרחבה ושיקום,3500,25,88900,מצופה אספלט,ראשית
3,2023,3,2023,21200,,0,בן יהודה,8500,רמלה,עיריית רמלה,הרחבת כביש,115,8,920,מצופה אספלט,עירונית
10,2004,11,2004,6273,51982210,0,27,3780,ביתר עילית,עיריית ביתר עילית,הרחבה ושיקום,440,14,5940,מצופה אספלט,עירונית
3,2002,5,2004,6029,32 55575 02,0,פ.זאב מזרח מכרז 5260,3000,ירושלים,משרד הבינוי והשיכון תל אביב,סלילת כביש,2800,12,33600,מצופה אספלט,עירונית
6,2020,11,2020,18272,,0,סמארה מזרח,2720,טירה,עיריית טירה,הרחבת כביש,135,11,1485,מצופה אספלט,עירונית
7,2013,6,2014,11438,0 0,94,"בי""ס אבו אלרומאן",8900,טמרה,עיריית טמרה,הרחבה ושיקום,700,12,8400,מצופה אספלט,עירונית
10,2007,10,2007,7561,0 0,0,שאול המלך,5000,תל אביב -יפו,עיריית תל-אביב יפו,שיקום כביש,35,20,700,מצופה אספלט,עירונית
8,2005,12,2005,6489,0 0,0,פבריגת,6600,חולון,עיריית חולון,הרחבת כביש,550,7,3850,מצופה אספלט,עירונית
11,2022,4,2023,21267,,0,הגנה,9500,קריית ביאליק,עיריית קרית ביאליק,שיקום כביש,550,11,6050,מצופה אספלט,עירונית
10,2016,11,2016,14158,1 2015,0,ששת הימים,2600,אילת,החברה הכלכלית אילת,סלילת כביש,500,9,4425,מצופה אספלט,עירונית
8,2015,3,2016,13691,0 0,0,עזרא לניאדו,2100,טירת כרמל,עיריית טירת כרמל,הרחבה ושיקום,700,10,7000,מצופה אספלט,עירונית
6,1994,12,1997,2782,452 0,0,ברסלבסקי,8300,ראשון לציון,עיריית ראשון לציון,סלילת כביש,180,14,2520,מצופה אספלט,עירונית
4,2006,4,2006,7131,0 0,0,כביש מס' 4,9999,כביש בין ישובים,"החברה הלאומית לדרכים בישראל מע""צ אור יהודה",הרחבה ושיקום,1000,7,7200,מצופה אספלט,ראשית
7,2007,9,2007,7476,0 0,0,יואב,8600,רמת גן,עיריית רמת גן,הרחבת כביש,280,8,2100,מצופה אספלט,גישה
10,1998,12,1998,2000,0 0,0,המשך שד' רים,8300,ראשון לציון,עיריית ראשון לציון,שיקום כביש,200,10,2000,מצופה אספלט,עירונית
10,2006,5,2008,7379,0 0,0,כביש 42 צומת גבירול,9999,כביש בין ישובים,"החברה הלאומית לדרכים בישראל מע""צ אור יהודה",סלילת כביש,2500,25,63500,מצופה אספלט,ראשית
4,2005,4,2005,6440,0 0,0,החיטה,1061,נצרת עילית,עיריית נוף הגליל,שיקום כביש,300,10,3000,מצופה אספלט,עירונית
3,2003,5,2003,5271,0 0,0,גישה למתחם שלמה,7900,פתח תקווה,עיריית פתח תקווה,סלילת כביש,200,8,1500,מצופה אספלט,עירונית
6,2022,8,2022,20827,,0,רב אשי,5000,תל אביב -יפו,עיריית תל-אביב יפו,שיקום כביש,430,10,4300,מצופה אספלט,עירונית
9,2022,12,2022,21178,,0,מבצע משה,31,אופקים,עיריית אופקים,שיקום כביש,90,12,1080,מצופה אספלט,עירונית
1,2006,4,2006,6667,0 0,0,הרב קוק,6500,חדרה,עיריית חדרה,סלילת כביש,260,6,1430,מצופה אספלט,עירונית
2,2005,1,2010,6169,4627 5,0,שד' גולדה בין צומת גבעת משה לבין צומת הר חוצבים,3000,ירושלים,מוריה ירושלים,הרחבה ושיקום,2000,21,42000,מצופה אספלט,ראשית
10,2023,0,0,22364,,0,אליפז,1248,אליפז,מועצה אזורית חבל אילות,הרחבה ושיקום,3500,1,4200,מצופה אספלט,עירונית
6,2000,12,2000,418,0 0,0,כביש 2,2620,קריית אונו,עיריית קרית אונו,סלילת כביש,130,7,910,מצופה אספלט,ראשית
1,2019,1,2019,17194,0 0,0,כביש 90 ל-2 כיוונים,9999,כביש בין ישובים,"החברה הלאומית לדרכים בישראל מע""צ אור יהודה",הרחבה ושיקום,1700,11,18700,מצופה אספלט,ראשית
7,2018,9,2018,16885,0 0,0,כביש 334,9999,כביש בין ישובים,"החברה הלאומית לדרכים בישראל מע""צ אור יהודה",שיקום כביש,6943,13,90259,מצופה אספלט,ראשית
5,2003,12,2003,5192,465 0,0,שהם ברקק,9300,זכרון יעקב,מועצה מקומית זכרון יעקב,סלילת כביש,250,12,3000,מצופה אספלט,עירונית
3,1994,12,1997,2655,1 0,0,הנביאים,6700,טבריה,עיריית טבריה,שיקום כביש,1000,7,7000,מצופה אספלט,עירונית
2,2005,5,2005,6369,0 0,0,גבל,8300,ראשון לציון,עיריית ראשון לציון,שיקום כביש,220,7,1540,מצופה אספלט,עירונית
3,1998,12,1999,2516,0 0,0,העצמאות,9400,יהוד,עיריית יהוד מונסון,הרחבה ושיקום,850,20,17000,מצופה אספלט,ראשית
4,1996,7,1997,3702,1675 0,0,נחלת יצחק,9999,כביש בין ישובים,נתיבי איילון תל אביב,הרחבה ושיקום,520,15,7540,מצופה אספלט,אזורית
9,2019,0,0,18715,,0,מרק אסיה,3652,בית אריה-עופרים,מועצה מקומית בית אריה,סלילת כביש,1800,7,12600,מצופה אספלט,גישה
3,2016,3,2017,15385,0 0,0,גני אביב-12,7000,לוד,עיריית לוד,הרחבת כביש,50,6,300,מרוצף,עירונית
11,2007,2,2008,7695,0 0,0,"מוא""ז מגילות בית הערבה",3645,בית הערבה,,הרחבה ושיקום,1000,5,5000,מצופה אספלט,אזורית
6,2017,6,2017,14695,0 0,0,יד בנימין נחלים,577,יד בנימין,מועצה אזורית נחל שורק,הרחבת כביש,200,2,400,מצופה אספלט,גישה
7,1993,12,1996,2934,5139 0,0,עוקף צפוני,8300,ראשון לציון,עיריית ראשון לציון,סלילת כביש,250,11,2650,מצופה אספלט,עירונית
2,2016,3,2016,14867,5 2016,0,דרך גישה ואדי חמדאן,2730,טייבה,עיריית טייבה,סלילת כביש,460,13,6141,מצופה אספלט,גישה
7,2016,8,2016,14180,673 678,0,בועז-נוגה,4000,חיפה,עיריית חיפה,הרחבת כביש,1000,10,10000,מצופה אספלט,עירונית
11,2012,7,2013,11322,0 0,0,טירת יהודה המשך כביש,663,טירת יהודה,מועצה אזורית חבל מודיעין,שיקום כביש,150,8,1200,מצופה אספלט,עירונית
1,2003,9,2004,5945,0 0,0,המשך כביש כנ' לישוב מזאריב מס' 27,975,זרזיר,,הרחבת כביש,1200,7,8400,מצופה אספלט,עירונית
6,2000,12,2000,3037,24000 0,0,מחלפון מבוא חור,9999,כביש בין ישובים,,סלילת כביש,600,11,6600,מצופה אספלט,ראשית
10,2002,7,2005,4694,77 199 02,0,פוריה מצפה,9999,כביש בין ישובים,,הרחבה ושיקום,2000,15,30000,מצופה אספלט,ראשית
2,2017,10,2018,16376,0 0,0,חיפה,2730,טייבה,עיריית טייבה,סלילת כביש,770,14,10780,מצופה אספלט,גישה
7,2019,7,2019,17303,0 0,0,אצל,8600,רמת גן,עיריית רמת גן,שיקום כביש,420,8,3360,מצופה אספלט,גישה
5,2022,5,2022,20474,4600004889,443,,0,אזור בין עירוני,"החברה הלאומית לדרכים בישראל מע""צ אור יהודה",שיקום כביש,227,4,831,מצופה אספלט,אזורית
10,2001,12,2001,1573,0 0,0,כביש 53,7500,סח'נין,עיריית סח'נין,הרחבה ושיקום,500,6,3000,מצופה אספלט,עירונית
11,2021,12,2021,19321,2020-06-01 00:00:00,463,,0,,"החברה הלאומית לדרכים בישראל מע""צ אור יהודה",שיקום כביש,1568,9,13955,מצופה אספלט,ראשית
11,1994,5,1996,3365,17825 0,0,באר שבע,9999,כביש בין ישובים,משרד הבינוי והשיכון תל אביב,הרחבת כביש,3920,6,23520,מצופה אספלט,עירונית
10,2011,10,2011,9197,7 11,0,כביש 675,9999,כביש בין ישובים,"החברה הלאומית לדרכים בישראל מע""צ אור יהודה",שיקום כביש,3,13,39,מצופה אספלט,אזורית
11,1998,11,1998,1970,0 0,0,אנילביץ,8000,צפת,עיריית צפת,הרחבה ושיקום,200,8,1560,מצופה אספלט,עירונית
1,2007,3,2007,7428,0 0,0,כביש 13,1327,מעלה עירון,מועצה מקומית מעלה עירון,סלילת כביש,220,7,1540,מצופה אספלט,עירונית
11,2020,11,2020,18196,0 0,0,שכונת הכרם,256,ניר דוד (תל עמל),מועצה אזורית עמק המעיינות,סלילת כביש,900,8,7200,מצופה אספלט,עירונית
2,2004,2,2004,5715,0 0,0,ניימן,7900,פתח תקווה,עיריית פתח תקווה,הרחבת כביש,18,3,54,מצופה אספלט,אזורית
12,1993,12,1996,3314,17298 0,0,מעלה אדומים,9999,כביש בין ישובים,משרד הבינוי והשיכון תל אביב,הרחבת כביש,6000,7,42000,מצופה אספלט,עירונית
4,1995,12,1996,2176,0 0,0,משולש,8600,רמת גן,עיריית רמת גן,סלילת כביש,550,14,7700,מצופה אספלט,עירונית
12,2001,8,2003,4164,0 0,0,שד' חן,6400,הרצלייה,עיריית הרצליה,הרחבת כביש,120,9,1020,מרוצף,עירונית
8,2015,12,2015,13172,0 0,0,כביש 75+10,511,עילוט,מועצה מקומית עילוט,שיקום כביש,250,10,2500,מצופה אספלט,עירונית
5,2012,10,2012,10667,0 0,0,קבוץ גלויות -שלמה,5000,תל אביב -יפו,נתיבי איילון תל אביב,הרחבה ושיקום,350,29,9999,מצופה אספלט,עירונית
1,2022,12,2022,21070,,0,מונטיפיורי,2400,אור יהודה,עיריית אור-יהודה,שיקום כביש,115,7,805,מצופה אספלט,עירונית
2,2019,10,2019,17222,0 0,0,כביש 406,6000,באקה אל-גרביה,עיריית באקה ג'ת,הרחבה ושיקום,300,12,3600,אחר,עירונית
7,2001,1,2004,2936,8101 0,0,רח' תעשיה,9100,נהרייה,עיריית נהריה,הרחבת כביש,1240,15,18600,מצופה אספלט,עירונית
6,1994,10,1996,1192,0 0,0,פינברג,6500,חדרה,עיריית חדרה,סלילת כביש,300,12,3600,מצופה אספלט,עירונית
11,1998,12,1998,2647,0 0,0,הגנים,9700,,עיריית הוד השרון,הרחבה ושיקום,800,10,8000,מצופה אספלט,ראשית
5,1994,1,1996,3031,483 0,0,גנים-ראש העין,9999,כביש בין ישובים,,הרחבה ושיקום,3500,26,91000,מצופה אספלט,אזורית
10,1994,8,1998,597,0 0,0,בצלאל,3000,ירושלים,עיריית ירושלים,הרחבת כביש,800,14,11200,מצופה אספלט,ראשית
4,2005,4,2005,6271,0 0,0,כיכר כניסה מכבים,1200,"מודיעין-מכבים-רעות,",,שיקום כביש,415,6,2490,מצופה אספלט,גישה
5,2023,5,2023,22300,,0,פנחס לבון,9600,קריית ים,עיריית קרית-ים,סלילת כביש,80,45,3600,מצופה אספלט,עירונית
12,2001,9,2003,5027,4126 1,0,כפר ברא כביש טבעת דרומית,633,כפר ברא,,סלילת כביש,690,8,5520,מצופה אספלט,עירונית
2,2021,3,2021,19143,,0,נצרת,7300,נצרת,עיריית נצרת,הרחבת כביש,150,5,750,אחר,גישה
4,2004,5,2004,5743,0 0,0,השיקמה,6900,כפר סבא,עיריית כפר-סבא,שיקום כביש,380,7,2660,מצופה אספלט,עירונית
10,2014,10,2016,12490,0 0,0,אומדן להרחבת כבישים רבע רביעי 2014,9999,כביש בין ישובים,"החברה הלאומית לדרכים בישראל מע""צ אור יהודה",הרחבה ושיקום,10000,12,120000,מצופה אספלט,ראשית
3,2012,12,2013,9527,0 0,0,שלמה המלך,9700,,עיריית הוד השרון,הרחבת כביש,100,8,800,מצופה אספלט,אזורית
1,2008,3,2008,7699,0 0,0,מעלה אדומים,3616,מעלה אדומים,,סלילת כביש,400,5,2000,מצופה אספלט,גישה
8,2000,9,2000,1816,0 0,0,שטמפפר,7900,פתח תקווה,עיריית פתח תקווה,שיקום כביש,804,12,9246,מצופה אספלט,ראשית
6,2016,10,2020,17750,0 0,0,גבל מוכבר שיח סעד בדרום,3000,ירושלים,עיריית ירושלים,סלילת כביש,2850,16,45600,מצופה אספלט,עירונית
8,2019,8,2019,17362,0 0,0,הרב אלסאחב,7300,נצרת,עיריית נצרת,הרחבה ושיקום,45,10,450,מצופה אספלט,ראשית
9,2013,10,2013,11250,0 0,0,דרך אלחילה,531,עראבה,מועצה מקומית עראבה,הרחבה ושיקום,120,6,720,מצופה אספלט,עירונית
10,1994,1,1996,3182,0 0,0,גרנות-נחל חדרה,9999,כביש בין ישובים,"החברה הלאומית לדרכים בישראל מע""צ אור יהודה",הרחבת כביש,48,27,1296,מצופה אספלט,ראשית
1,2013,7,2014,11774,0 0,0,ותיקים,6800,קריית אתא,עיריית קרית-אתא,שיקום כביש,293,10,2930,מצופה אספלט,עירונית
7,1996,9,1997,3863,0 0,0,כביש ארבע,9999,כביש בין ישובים,,סלילת כביש,1000,7,7000,מצופה אספלט,גישה
1,2014,2,2014,11879,0 0,681,נעמי,4000,חיפה,עיריית חיפה,סלילת כביש,235,9,2115,מצופה אספלט,עירונית
8,1998,11,1998,1976,0 0,0,שמעון,8200,קריית מוצקין,עיריית קריית מוצקין,שיקום כביש,130,4,455,מצופה אספלט,עירונית
1,2022,6,2022,20619,,0,עיון,43,מטולה,מועצה מקומית מטולה,הרחבה ושיקום,200,6,1100,מצופה אספלט,עירונית
10,2022,12,2022,20952,,0,רח 12,6000,באקה אל-גרביה,עיריית באקה ג'ת,סלילת כביש,350,12,4200,מצופה אספלט,עירונית
8,2022,9,2022,21822,,0,אל-מותנבי,489,דבורייה,מועצה מקומית דבורייה,שיקום כביש,32,5,160,מצופה אספלט,עירונית
10,2005,1,2006,6613,0 0,0,בית לחם,4000,חיפה,עיריית חיפה,סלילת כביש,35,14,490,מצופה אספלט,אזורית
2,2014,3,2014,11846,0 0,76,קטע צפוני,6000,באקה אל-גרביה,עיריית באקה ג'ת,סלילת כביש,200,8,1600,מצופה אספלט,עירונית
10,2017,10,2017,15689,34 16,0,כביש 2422,9999,כביש בין ישובים,"החברה הלאומית לדרכים בישראל מע""צ אור יהודה",שיקום כביש,1800,9,16200,מצופה אספלט,אזורית
7,2000,9,2000,3996,0 0,0,פארק בגין,9999,כביש בין ישובים,,סלילת כביש,1800,4,7200,מצופה אספלט,עירונית
9,2006,4,2009,7098,6 67,0,כביש 553,9999,כביש בין ישובים,"החברה הלאומית לדרכים בישראל מע""צ אור יהודה",סלילת כביש,3000,17,51000,מצופה אספלט,אזורית
9,2022,9,2022,20634,,0,חטיבת הנגב,2600,אילת,החברה הכלכלית אילת,הרחבה ושיקום,270,16,4320,מרוצף,עירונית
2,2002,5,2002,4314,0 0,0,הארי משולב קטע מערבי,8400,רחובות,עיריית רחובות,סלילת כביש,100,13,1300,מרוצף,עירונית
2,2012,12,2014,13294,30 2012,21,הגבעה הצרפתית,3000,ירושלים,מוריה ירושלים,סלילת כביש,2000,20,40000,מצופה אספלט,ראשית
12,1994,12,1997,2803,601 0,0,הרקפת,8300,ראשון לציון,עיריית ראשון לציון,שיקום כביש,1100,10,11000,מצופה אספלט,עירונית
4,2005,12,2005,6485,0 0,0,יפה ירקוני,6600,חולון,עיריית חולון,סלילת כביש,350,9,3150,מצופה אספלט,עירונית
7,2023,7,2023,22115,,0,רוטשילד,7200,נס ציונה,עיריית נס ציונה,שיקום כביש,318,7,2226,מצופה אספלט,עירונית
7,2016,10,2016,14293,23 0,0,עארה אלמעסרה,637,ערערה,מועצה מקומית ערערה,הרחבה ושיקום,400,9,3500,מצופה אספלט,עירונית
9,2006,12,2006,7294,0 0,0,הרחבת רח' אהרונוביץ,7900,פתח תקווה,עיריית פתח תקווה,הרחבת כביש,70,2,140,מצופה אספלט,עירונית
9,2013,10,2013,11460,0 0,0,הרחבה ל 35 יחידות,1288,גבעת אלה,מועצה אזורית עמק יזרעאל,סלילת כביש,800,14,11200,מצופה אספלט,עירונית
8,2000,1,2002,3150,7626 0,0,טיילת בית זרזיר,9999,כביש בין ישובים,,הרחבה ושיקום,1000,10,9500,מצופה אספלט,עירונית
6,2007,8,2008,7713,1 0,0,שומרוני הטוב - אלמוג,9999,כביש בין ישובים,"החברה הלאומית לדרכים בישראל מע""צ אור יהודה",הרחבת כביש,10000,2,23400,מצופה אספלט,ראשית
8,2004,9,2004,5942,0 0,0,הסנהדרין,6900,כפר סבא,עיריית כפר-סבא,שיקום כביש,150,5,675,מצופה אספלט,עירונית
10,2018,10,2018,16665,0 0,0,ק.חיים חומה ומגדל,9600,קריית ים,עיריית חיפה,סלילת כביש,300,8,2400,מצופה אספלט,עירונית
7,2018,9,2018,16157,6 0,0,75\70 \יקנעם סומך,652,אבטין,"חברת ""שפיר"" בע""מ פתח תקווה",סלילת כביש,130,21,2778,מצופה אספלט,עירונית
1,2007,6,2007,7439,0 0,0,החרצית,8400,רחובות,עיריית רחובות,סלילת כביש,300,8,2400,מצופה אספלט,עירונית
5,1996,11,1996,3811,0 0,0,שלב ב,9999,כביש בין ישובים,,הרחבה ושיקום,280,6,1680,מצופה אספלט,עירונית
11,2012,7,2013,10232,0 0,0,יגיע כפיים,2650,רמת השרון,עיריית רמת השרון,שיקום כביש,120,10,1200,מצופה אספלט,עירונית
8,1994,1,1997,3264,0 0,0,פארן צחור 40-,9999,כביש בין ישובים,"החברה הלאומית לדרכים בישראל מע""צ אור יהודה",הרחבה ושיקום,7900,8,60830,מצופה אספלט,ראשית
10,2010,10,2010,8925,0 0,0,סמולנסקי,6600,חולון,עיריית חולון,הרחבת כביש,190,7,1330,מצופה אספלט,עירונית
3,2018,7,2018,16061,8 0,0,עין מאהל,532,עין מאהל,מועצה מקומית עין מאהל,סלילת כביש,100,4,400,מצופה אספלט,עירונית
8,1995,7,1996,3001,0 0,0,עוקף עבוד,9999,כביש בין ישובים,,סלילת כביש,8000,8,64000,מצופה אספלט,ראשית
19,1983,3,1998,2268,0 0,0,גרשון,8600,רמת גן,עיריית רמת גן,הרחבה ושיקום,210,6,1260,מצופה אספלט,עירונית
9,2022,9,2022,20756,,0,דריג'את,8900,טמרה,עיריית טמרה,הרחבה ושיקום,650,3,1950,אחר,עירונית
4,2021,6,2021,18459,,0,הגליל,229,גני תקווה,מועצה מקומית גני תקווה,שיקום כביש,6,21,117,מצופה אספלט,עירונית
12,2021,0,0,19088,,0,שכונה 6,1060,לקיה,מועצה מקומית לקייה,סלילת כביש,450,16,7200,מצופה אספלט,עירונית
6,1995,11,1996,3000,0 0,0,60,9999,כביש בין ישובים,,סלילת כביש,10000,16,160000,מרוצף,אזורית
2,1999,1,2001,193,0 0,0,כביש דרומי,874,מגדל העמק,עיריית מגדל העמק,הרחבת כביש,1200,30,36000,מצופה אספלט,ראשית
2,2006,7,2006,6910,0 0,0,כביש מחבר 4-7,529,אעבלין,מועצה מקומית אעבלין,הרחבה ושיקום,150,12,1800,מצופה אספלט,עירונית
11,2021,12,2021,19342,2020-06-01 00:00:00,241,,0,,"החברה הלאומית לדרכים בישראל מע""צ אור יהודה",שיקום כביש,1400,14,19600,מצופה אספלט,ראשית
8,2007,8,2007,7459,0 0,0,בירנית,5000,תל אביב -יפו,עיריית תל-אביב יפו,שיקום כביש,150,10,1500,מצופה אספלט,עירונית
5,1996,12,1996,1180,0 0,0,ברנדס,6500,חדרה,עיריית חדרה,הרחבה ושיקום,150,7,1050,מצופה אספלט,עירונית
10,2020,12,2020,18068,0 0,0,בן עמר,7100,אשקלון,עיריית אשקלון,הרחבת כביש,400,14,5600,מצופה אספלט,גישה
2,2023,3,2023,21252,,0,יגאל אלון,9000,באר שבע,חברה כלכלית באר שבע,הרחבה ושיקום,320,10,3200,מצופה אספלט,עירונית
3,1996,12,1997,2734,214 0,0,חטיבת הנגב,1139,כרמיאל,עיריית כרמיאל,סלילת כביש,100,4,400,מרוצף,עירונית
5,1994,12,1996,3329,17445 0,0,בית שמש,9999,כביש בין ישובים,משרד הבינוי והשיכון תל אביב,סלילת כביש,770,7,5005,מצופה אספלט,עירונית
8,2022,8,2022,21487,4600004882,808,,0,,"החברה הלאומית לדרכים בישראל מע""צ אור יהודה",שיקום כביש,610,4,2440,מצופה אספלט,אזורית
1,2008,12,2008,8008,0 0,0,ויצמן טיילת דרומית,7200,נס ציונה,עיריית נס ציונה,הרחבת כביש,1200,3,3780,מצופה אספלט,עירונית
1,2021,6,2021,19121,,0,אבני איתן,4011,אבני איתן,מועצה אזורית גולן,הרחבה ושיקום,275,7,1925,מצופה אספלט,עירונית
3,2004,8,2004,5941,4521 0,0,רח' ירושלים בין נביאים לתאנים,6800,קריית אתא,עיריית קרית-אתא,הרחבה ושיקום,200,3,500,מצופה אספלט,עירונית
7,2021,0,0,19103,,0,,541,ג'סר א-זרקא,מועצה מקומית ג'סר אל זרקא,,200,6,1200,מצופה אספלט,גישה
7,2005,10,2005,6799,0 0,0,כביש מס' 35 מצ' פלוגות -כנסה לא. תעשיי שדה משה,9999,כביש בין ישובים,"החברה הלאומית לדרכים בישראל מע""צ אור יהודה",שיקום כביש,3300,14,47520,מצופה אספלט,ראשית
10,1999,3,2000,438,0 0,0,שלמה המלך,2620,קריית אונו,עיריית קרית אונו,הרחבת כביש,450,9,4050,מצופה אספלט,אזורית
10,1994,1,1997,3296,16986 0,0,ירושלים,9999,כביש בין ישובים,משרד הבינוי והשיכון תל אביב,סלילת כביש,3846,7,24999,מצופה אספלט,עירונית
3,2007,3,2008,7664,0 0,0,רח' בתין כביש עוקף מזרחי,8400,רחובות,עיריית רחובות,סלילת כביש,900,16,14400,מצופה אספלט,ראשית
1,2006,3,2006,6638,0 0,0,יער אשתאול דרך בורמה,9999,כביש בין ישובים,,הרחבה ושיקום,800,5,4000,מצופה אספלט,עירונית
